USCensusID,City,CII.RES,US_census_region,Climate_region,Avg_population,January precipitation,February precipitation,March precipitation,April precipitation,May precipitation,June precipitation,July precipitation,August precipitation,September precipitation,October precipitation,November precipitation,December precipitation,Annual precipitation,January max temperature,February max temperature,March max temperature,April max temperature,May max temperature,June max temperature,July max temperature,August max temperature,September max temperature,October max temperature,November max temperature,December max temperature,Annual max temperature,January vapor pressure deficit,February vapor pressure deficit,March vapor pressure deficit,April vapor pressure deficit,May vapor pressure deficit,June vapor pressure deficit,July vapor pressure deficit,August vapor pressure deficit,September vapor pressure deficit,October vapor pressure deficit,November vapor pressure deficit,December vapor pressure deficit,Annual vapor pressure deficit,Number of employees accommodation sector,Number of employees administrative sector,Number of employees education sector,Number of employees finance sector,Number of  employees health sector,Number of employees information sector,Number of employees manufacturing sector,Number of employees otherservices,Number of employees professional sector,Number of employees realestate sector,Number of employees retail sector,Number of establishments accommodation sector,Number of establishments administrative sector,Number of establishments education sector,Number of establishments finance sector,Number of employees other services,Number of establishments information sector,Number of establishments manufacturing sector,Number of establishments otherservices,Number of establishments professional sector,Number of establishments realestate sector,Number of establishments retail sector,Family income 2010,GDP per capita 2016,Total housing units,Percent single-family houses,Percent medium density houses,Percent high density houses,Percent housing units built 1990 or later,Percent housing units built between 1950-1989,Percent housing units built before 1950,Percent housing units built earlier to 1990,Median rooms,Percent impervious area,Area open NLCD,Area low development NLCD,Area medium development NLCD,Area high development NLCD,Service area sq.meters
1600000US4801000,"Abilene city, Texas",0.727,South,Temperate,123729,25.9,35.6,42.5,45.8,80.8,84.8,49.2,60,67,67.2,37.1,30.5,52.2,13.9,15.9,20.5,25.5,29.3,33,35,35,31,25.9,19.5,14,24.875,10.8,18.2,16.7,22.7,26.4,30.9,37.1,37.8,28.4,20.8,14.4,10.3,22.875,7500,1750,145,2599,17250,981,1991,1707,1716,881,7619,284,141,24,240,375,52,83,205,256,162,533,51012,37553,48739,69.1,22.9,4.5,21.9,63.3,14.7,78,5.3,16.4,13874.8,10720.6,6208.8,3755.7,290335000
1600000US4500550,"Aiken city, South Carolina",NA,South,Temperate,29406,110.8,103.6,111.3,84.8,74.6,122.9,122.2,130.1,92.8,77.9,80.1,100.8,100.9916667,13.1,15.6,20,24.9,29.1,32.3,33.9,32.7,29.7,24.8,19.4,14.8,24.19166667,8.6,17.3,15.3,20.9,25.1,28.4,30.1,26.8,22.8,17.5,12.5,9.1,19.53333333,3030,7500,14,708,4505,299,1506,343,3750,168,3420,134,39,9,99,192,17,22,62,126,42,233,75212,52750,14679,70.2,24.8,3.4,44.8,49.6,7.1,56.7,6,9,7626.2,6274.4,1805.4,573.7,194774000
1600000US3501780,"Alamogordo city, New Mexico",0.205,West,Arid,32986,17.7,12.9,9.5,8.9,13.7,21.5,53.4,56.1,39.8,30,20,23.4,25.575,13.2,16.1,20.2,24.5,29.3,34.4,34.2,32.9,30.1,24.9,18.3,13,24.25833333,11,20.3,19.9,26.8,35.2,46,41,35.9,31.3,24,16,10.9,26.525,1750,245,10,294,2090,266,118,315,219,136,1966,75,23,2,42,86,10,10,51,48,43,136,49297,57892,14938,69,13.4,0.7,31.2,69.3,4.5,73.8,5.4,14.4,1792,3050.2,965,208.4,56002000
1600000US3502000,"Albuquerque city, New Mexico",0.38,West,Arid,614980,10.8,11.8,14.6,17.3,10.4,11.4,37.4,39.6,32.1,26.7,14.5,15.7,20.19166667,10,13.4,17.9,22,27,32.6,33.5,32,28.7,22.5,15.4,9.6,22.05,9.3,17.3,17.7,23.4,31.6,43.5,42.3,37.2,31.1,22.1,13.9,8.8,24.85,29238,19582,1268,11279,46890,7054,10810,6645,16802,4012,31702,1281,647,191,981,1762,276,482,974,2040,851,1885,59191,42723,243402,62.5,24,9.5,34.1,57.6,7.2,64.8,5.3,26.9,11553.2,32002.9,24592.5,5344.4,489188000
1600000US4202184,"Altoona city, Pennsylvania",0.454,Northeast,Continental,54369,65.2,55.3,79.2,80,97.6,84.8,82.1,85.5,97.6,78.9,86.9,76.5,80.8,1.3,3,8.1,15.4,20.9,25.4,27.7,26.9,22.9,16.6,10.1,3.7,15.16666667,3,5.3,6.5,11.3,14.6,17,19,18,13.8,9.8,6.3,3.4,10.66666667,2176,1149,95,996,5724,383,1006,728,791,193,4693,137,78,9,90,217,23,45,125,88,41,248,48750,37482,20813,72.3,22,5,5.4,37.1,58.7,95.8,6.1,18.9,4855.7,6346.8,3384.4,1673.1,131990000
1600000US4803000,"Amarillo city, Texas",0.653,South,Arid,196728,17,15.3,30.3,32.7,58.8,76.9,62.3,76,48.9,40.3,20.5,17.9,41.40833333,10,12.1,17,21.6,26.1,31,32.8,31.8,28,22.2,15.8,9.8,21.51666667,9.4,15.5,15.8,20.8,25.3,32.2,35.2,31.7,26,19.4,13.7,9.1,21.175,10147,7500,362,5139,16512,1411,12263,2614,4066,1247,12920,500,234,33,433,652,67,159,350,464,272,841,55067,45788,83785,71.7,17.6,6.8,23.2,62.3,14.9,77.2,5.1,25.2,7145.7,19825.2,7535.3,4717.4,266556000
1600000US2401600,"Annapolis city, Maryland",0.392,South,Temperate,38059,79.2,71.6,105.8,91,111.2,107.9,111.4,101.4,113.2,101.7,83.3,93.2,97.575,5.6,7.1,11.4,17.6,22.5,27.6,29.9,28.8,25.4,19.4,13.5,8.2,18.08333333,4.9,8,8.4,12.4,15.4,19.3,22.1,19.7,15.8,11.3,7.9,5.5,12.55833333,4975,614,180,898,2422,1370,324,2381,2143,449,7230,194,63,21,135,188,64,37,208,373,98,488,88646,58970,17358,37.1,50.6,12.4,23.7,55.4,19.9,75.3,5.3,32.4,780.5,1572.5,1125.2,393.7,20991700
1600000US4804000,"Arlington city, Texas",0.35,South,Temperate,366503,64,69.4,86,79.7,130,105.8,63.8,57.9,79.3,112,71.7,70.6,82.51666667,13.5,15.7,20,24.5,28.2,32.6,35,35.4,31.5,25.9,19.4,14.1,24.65,9.5,15.9,13.9,17.5,20.1,27.1,34.4,36.9,28.1,19.7,12.7,9.3,20.425,15492,10880,678,8428,19213,2654,9679,3004,5727,1915,17817,684,351,59,484,928,117,224,445,737,379,1147,61068,63660,147407,60.1,29.6,9,31.7,65.3,1.7,67,5.2,34.8,12585.8,18430.1,13634.6,6999.2,257718000
1600000US3702140,"Asheville city, North Carolina",0.782,South,Temperate,125000,76,75.4,85.2,82.9,83.1,80.1,87.1,84.5,87.3,62.6,72.8,78.1,79.59166667,8.4,10.4,14.7,19.8,23.7,27.3,28.9,28.2,25,20.1,15.1,10.1,19.30833333,5.9,10.5,10.2,14.7,16.3,18.9,20.3,19,15.7,12.6,9.4,6.3,13.31666667,11795,4845,183,2170,17386,1395,4595,1735,3523,785,11310,541,187,46,287,645,86,130,286,583,244,776,53439,36925,43856,54.6,31.3,10,29.9,44.3,26.2,70.5,5,9.8,36381.8,12329.8,5598.9,2036.7,472590000
1600000US2302060,"Auburn city, Maine",NA,Northeast,Continental,16996,78.4,79.8,99.7,107.9,97.2,109.8,87.8,86.4,94.1,118.8,107.2,107.4,97.875,-1.7,0.2,4.8,11.8,18.4,23.2,26.3,25.7,21.4,14.7,7.8,1.6,12.85,2.7,3.9,5.1,8.8,12.9,15.8,18.3,17.3,12.9,8.6,5.2,3.1,9.55,1502,1664,10,912,1943,175,2457,400,694,114,3117,78,43,2,50,119,9,44,70,57,44,159,56656,33300,10857,52.4,36.3,9.4,12.5,37.6,49.3,86.9,5.3,26.6,2097.3,1885.5,1387.7,852.8,37249400
1600000US2302100,"Augusta city, Maine",NA,Northeast,Continental,18910,76.8,71,89.3,103,95.6,103.8,84.5,88,94.6,117.5,106.7,99.8,94.21666667,-1.9,0.1,4.6,11.9,18.4,23,26.2,25.6,21.4,14.7,7.9,1.5,12.78333333,2.5,3.9,5,8.9,12.6,15.1,17.3,16.7,12.5,8.3,5.1,3,9.241666667,1774,841,182,687,6189,464,505,596,1750,129,3528,94,47,15,63,160,26,16,105,99,29,162,51941,41017,9836,50.9,37.6,7.3,11.6,49,37.3,86.3,5,17.3,2192.3,2009.5,1558.7,826.2,60108600
1600000US0804000,"Aurora city, Colorado",0.3,West,Continental,330815,13.6,15.3,36.5,48.3,62.6,56.6,62.1,62,36.8,27.9,21.4,14.9,38.16666667,7.2,7.9,12.3,15.9,20.7,27.4,31.1,29.7,25.4,18.4,11.8,6.6,17.86666667,7.2,10.6,11.2,14,17.9,27.3,34.2,30.9,25.2,16.6,10.8,7.1,17.75,10728,8433,563,2259,13962,1321,2400,3256,7500,1233,15374,577,339,66,384,654,87,122,463,640,298,908,58094,62947,132931,50.9,33.9,13.4,30,67.3,2,69.3,5.4,18.8,10323.9,15968.9,13012.6,4532.1,399393000
1600000US4805000,"Austin city, Texas",0.569,South,Temperate,903672,59.3,46.8,70.5,53.3,117.1,104.3,53.7,56.5,77.5,101.2,72.5,60.6,72.775,16.3,18.4,22.2,26.3,29.8,33.4,35.2,36,32.7,27.7,21.8,16.9,26.39166667,11,20.1,15.4,19.6,22.1,28.3,34.6,37.9,29.8,21.6,14.4,10.7,22.125,55702,51056,4562,25966,53771,25007,20866,17532,57317,10167,49905,2517,1307,371,2002,2603,850,616,1875,4852,1548,3091,63997,61308,393616,46.9,30.4,21.3,41.7,50.9,5.6,56.5,4.5,15.4,53956,36432,34782.1,17889,1418780000
1600000US2302795,"Bangor city, Maine",1.295,Northeast,Continental,32605,76.3,64.2,80.3,87.1,88.1,94.6,79.7,80.6,90.5,107.8,98.3,98.4,87.15833333,-2.6,-0.8,3.9,11.1,18.1,22.9,26.2,25.6,21.1,14.2,7.4,0.9,12.33333333,2.3,3.2,4.6,8.2,12.5,15.5,18,17.1,12.5,8,4.6,2.7,9.1,3366,1479,207,1010,11124,1158,775,646,1008,404,6147,139,65,15,104,310,41,37,100,159,90,310,56955,34340,15709,42.5,43.6,8.6,14.4,41.4,42.3,83.7,5,21.7,2811,2841.9,3002.8,1893.3,89599600
1600000US4806128,"Baytown city, Texas",NA,South,Temperate,72488,110.4,87.1,95.1,95.7,136.7,173.6,108.7,145.5,131.3,137.3,121.2,110.4,121.0833333,16.9,18.6,22,25.5,28.8,31.9,33.2,33.6,31.4,27.4,22.4,17.9,25.8,8.6,15.7,11.9,14.8,16.6,20.3,22.8,24.8,21.1,17,11.7,8.4,16.14166667,3836,1087,35,620,4518,112,5545,750,2249,444,4460,174,48,8,91,233,12,55,94,97,79,276,54843,57137,29356,60.7,25.4,8.3,30,55.9,12.9,68.8,5.1,28,4731.67,4931.33,4335.91,2058.23,96827100
1600000US3004975,"Belgrade city, Montana",0.205,West,Continental,7855,11.3,11.8,24.2,40.3,61.8,59.5,25.7,27,30.1,28.2,20.3,15.8,29.66666667,0.9,3,8.3,13.3,18.1,23.3,29.4,29.1,22.7,14.9,6,0.2,14.1,3.1,4.9,7.1,11,14.7,20.1,31.8,31.6,21.3,11.9,5.7,2.9,13.84166667,653,105,10,89,184,10,303,78,38,23,515,41,18,1,17,36,1,13,20,20,8,44,51943,42615,3238,49.3,40.3,3.2,53.2,38.5,5,43.5,5.4,25.5,273,559.3,596.6,43,9860680
1600000US4105800,"Bend city, Oregon",0.558,West,Arid,57553,37.9,28.3,21.9,17.7,23.5,19.6,13.3,10.8,11.2,17.8,33.2,53.6,24.06666667,5.5,7.2,10.8,13.9,18.3,22.7,27.9,28,23.4,16.8,8.7,4.5,15.64166667,4.4,7.8,8.4,11.4,15.6,20.6,29.2,29.7,22.4,13.5,6,3.8,14.4,4684,2345,360,1562,7508,1380,2444,1050,1776,701,6406,303,170,41,247,435,71,162,210,503,257,503,64128,46604,38970,68.6,21,5.4,60.2,33.5,5.5,39,5.3,22.9,3782.9,6136.9,1799.7,344.1,68356200
1600000US5107784,"Blacksburg town, Virginia",NA,South,Continental,33804,73.3,67.2,86.8,92,111.2,98.2,97.8,89.1,82.5,74.6,70.5,78.1,85.10833333,5.5,7.6,12.3,17.9,22.4,26.6,28.4,27.7,24.4,18.9,13.2,7.4,17.69166667,4.6,8.7,9,13.2,14.8,17.4,18.7,17.8,15.1,11.7,8.4,5,12.03333333,2054,266,60,375,1750,375,1473,347,2267,393,1363,100,23,14,48,104,27,20,57,154,50,97,81098,33393,15472,32.5,59,6.3,33.3,53.8,6.4,60.2,5.1,21.5,1943.2,2854.9,1775.2,471.9,51041400
1600000US1805860,"Bloomington city, Indiana",0.75,Midwest,Continental,116825,79.8,69.9,90.5,121.8,145,124.5,118.9,90.2,91.3,94.5,101.7,92.9,101.75,2.8,5.5,11.4,18.1,23.1,27.8,29.6,29.2,25.6,19,12.1,5,17.43333333,3,6,7.7,12,14.7,18.4,19.3,19.2,17.2,11.8,6.9,3.5,11.64166667,7466,4669,204,1090,8020,1079,1182,1622,1647,709,6729,340,90,34,141,277,46,40,150,225,134,386,55466,58933,33766,35.1,47.9,13.6,37.9,49.7,10.9,60.6,4.6,13.8,5831.7,4752.9,2712.6,902.5,133977000
1600000US2706616,"Bloomington city, Minnesota",0.604,Midwest,Continental,85532,20.7,20.7,45.3,79.4,101.9,123.5,112.4,117.5,81.2,65.1,43.2,30.4,70.10833333,-4.8,-2.1,4.9,13.7,20.5,25.9,28.5,27,22.5,14.8,5.5,-2.6,12.81666667,1.6,2.9,4.8,10.7,15.1,19.2,20.9,18.3,14.7,9.6,4.5,1.8,10.34166667,8597,12610,482,10246,7009,2713,4999,1921,7374,4195,12250,266,236,38,390,279,93,120,191,566,199,522,76601,58933,37654,57.7,16.5,25.3,12.1,81.3,6.5,87.8,6,31.6,4603,6466.4,4527.7,2511.6,99473900
1600000US2507000,"Boston city, Massachusetts",1.6,Northeast,Continental,1047462,95.1,93.7,113.7,106.4,93.7,107.1,94.7,92.9,86.8,113.3,105.2,110.7,101.1083333,2.4,3.7,7.4,13.3,18.8,24.1,27.4,26.4,22.8,16.9,11.2,5.6,15,3.5,5.3,5.7,8.9,11.7,15.4,18.5,16.5,13,9.1,6.4,4.2,9.85,52474,34590,3748,90141,112776,24881,6965,16979,59828,10940,28148,2276,954,252,1737,1632,571,284,1830,3091,1030,2161,58600,76831,285660,12.3,63.5,24.2,12.6,29.5,57.1,86.6,4.3,59.4,1689,3866.9,11795.6,10587,129923000
1600000US3206500,"Boulder City city, Nevada",1.885,West,Arid,20694,15.5,19.4,12.8,5.6,2.4,1.6,10.8,17.2,9.8,9.1,8.8,13.3,10.525,14.9,17.5,21.9,26.3,31.8,37.7,40.4,39.3,35.2,28,20.1,14.2,27.275,12.3,25.5,22,30.4,42.6,59.8,65,59.9,49,31.9,18.7,11.7,35.73333333,462,96,33,138,531,6,148,136,130,33,425,45,18,8,17,37,3,16,33,49,15,53,79089,57892,7603,62.6,20,2,27.9,58,12.2,70.2,5.3,1.7,1536.4,2070.6,1438.6,169.2,539483000
1600000US2408775,"Bowie city, Maryland",0.138,South,Temperate,21703,76.9,70.3,96.3,88.7,113.5,111.5,109.4,96.8,105.1,98.4,83,86.4,94.69166667,5.7,7.7,12.3,18.6,23.5,28.4,30.8,29.7,26.1,20.1,14.1,8.3,18.775,5,9.2,9.2,13.9,16.7,20.9,24,22.1,17.9,12.7,8.9,5.7,13.85,1969,590,88,750,2120,125,19,327,4213,170,3864,72,75,14,77,222,13,6,53,169,28,149,114827,58970,21330,70.9,24.3,4.8,38.5,60.9,1.5,62.4,7.3,22.5,799.1,1362.2,115.8,50.7,11319600
1600000US3008950,"Bozeman city, Montana",0.645,West,Continental,39063,18.7,19.2,34.8,57.2,79.6,74.9,35.7,34.2,37.2,42.5,30.8,24.5,40.775,1.7,3.3,8.1,13,17.7,22.7,28.5,28.4,22.2,14.7,6.1,0.8,13.93333333,3.9,5.7,7.2,10.8,14.3,19.3,29.2,29.2,20.3,11.9,6.1,3.6,13.45833333,3550,677,232,1110,3776,454,932,837,1652,420,5153,190,116,31,148,270,51,79,145,416,162,357,59683,42615,19972,40.3,49.7,6.5,50.5,35.3,11.8,47.1,4.9,17.1,4064.6,3663.8,1900.6,328.4,72321900
1600000US4810768,"Brownsville city, Texas",NA,South,Temperate,177909,34.7,29.9,33.5,38.2,64.5,63.3,58.6,51.2,144.3,86.8,47.1,32.3,57.03333333,21.2,23,25.7,28.7,31.3,33.3,34.2,34.9,32.6,30,26,21.9,28.56666667,12.1,23.1,16.2,19,21,24.1,27.1,29,23,20,15.6,12.1,20.19166667,5246,6035,153,1704,14745,1154,2705,709,1273,537,8869,299,104,21,223,463,31,103,143,264,142,563,31760,20971,56316,69.1,20,6,47.9,44.6,5,49.6,5,13.5,6698.6,10031.6,9585.9,2835.5,378348000
1600000US5613150,"Casper city, Wyoming",NA,West,Continental,54462,12.3,19.5,27.8,41.5,61.9,34.8,31.6,24.2,28.2,31,17.6,19.5,29.15833333,2.6,3.8,9.1,13.5,18.9,25.9,30.8,29.9,23.6,15.5,7.9,2.1,15.3,4.6,6.5,8.5,12,16.6,26.9,36.7,34.8,24.4,14,7.8,4.5,16.44166667,3224,1055,60,965,4941,346,471,937,1146,649,4299,158,106,15,124,285,20,27,159,216,124,299,62721,63008,26238,67.9,18.9,8.5,20.3,62.6,15.5,78.1,5.9,26.1,2643.9,3842,3831.7,591.9,69406600
1600000US3712000,"Charlotte city, North Carolina",0.527,South,Temperate,864289,89.8,83.2,103.9,84.4,88.2,104.9,107.3,108.3,94.7,83.9,81.8,90.9,93.44166667,10.5,12.9,17.3,22.2,26.2,30.3,31.9,31,27.7,22.5,17.3,12.3,21.84166667,7.2,13.4,12.7,17.3,19.3,23.5,25.2,23.2,19.2,14.7,11,7.7,16.2,40752,60472,1779,66375,52599,18683,21152,10894,43368,8759,39240,1888,1405,250,2049,2023,590,643,1352,3212,1372,2600,63272,57209,343222,56.2,29.8,12.7,49,44.7,5.9,50.6,5.4,25.7,69376.1,55235.7,24087.6,13266,798209000
1600000US2913690,"Chillicothe city, Missouri",1.254,Midwest,Continental,9241,28,41.9,72.2,94,130.3,128.5,116.1,110.9,106.2,83,64.1,46.8,85.16666667,2.1,4.8,11.8,18.1,23.3,28.5,31,30.1,25.9,19.3,11.3,3.8,17.5,3.5,6.4,8.4,12.4,15,19.6,22.3,21.3,17.5,12.6,7,3.7,12.475,375,101,10,175,750,53,750,175,123,60,1120,24,8,2,30,41,9,15,21,24,10,69,46389,44837,3954,73.5,18.6,3,15.1,56.8,27.2,84,5.6,21.8,893.4,1400.1,498.5,233.6,19805100
1600000US3915000,"Cincinnati city, Ohio",2.114,Midwest,Continental,1047462,75.6,70.6,98.6,112.1,128.9,101.4,109,85.4,78.3,83.4,84.7,90.8,93.23333333,3.7,6.1,11.9,18.7,23.7,28.3,30.1,29.7,26.1,19.6,12.6,6,18.04166667,3.4,6.6,8.1,12.9,15.7,19.8,21.5,21.7,18.1,12.2,7.3,3.9,12.6,15321,11485,406,20445,48741,4774,12881,4694,19429,2489,13549,738,393,63,537,950,174,363,582,1127,405,941,45757,53749,161881,38.7,46.3,14.9,7.4,41.2,49.8,91,4.6,20.7,62415.1,55846.3,29588.6,13810.6,1064200000
1600000US0614218,"Clovis city, California",0.204,West,Arid,101950,68,59.2,57.7,28.1,12.5,5.5,0.7,0.4,4.4,16.1,30.4,52.5,27.95833333,13.4,16.7,20,23.7,28.9,33.6,37,36.5,33.1,27,18.9,13.4,25.18333333,6,14.3,13.1,19.6,29.1,39.4,46.8,45.3,37,24.2,11.7,6.5,24.41666667,3352,1006,175,511,4332,394,2866,758,894,276,5059,197,76,18,102,206,18,42,122,155,79,267,75918,63635,37217,73.2,19.9,4.6,52.4,45.5,2.2,47.7,5.7,42.1,1691.2,2138.9,6977.2,1508.2,65151400
1600000US4819000,"Dallas city, Texas",1.322,South,Temperate,1236107,61.4,68.1,89.4,81.8,126.1,107,54.5,52.9,70.5,111.9,77.7,77.5,81.56666667,13.3,15.6,19.8,24.4,28.4,32.7,35.1,35.5,31.6,26,19.4,14,24.65,9,15.6,13.6,17.4,20.5,27.6,34.7,37.2,28.4,19.7,12.5,8.9,20.425,59649,104433,3187,44954,105321,22962,42824,16611,68091,20336,57240,2687,1890,295,3000,3892,773,1125,1850,5425,2162,4022,45162,63660,552711,43.9,32.6,22.4,24.2,63.3,11.2,74.5,4.5,29.9,46840.8,52871.4,36487.6,32099.7,997252000
1600000US1321380,"Dalton city, Georgia",2.197,South,Temperate,100182,128.9,117.7,130.4,108.8,108,119.3,119.8,91.9,119.4,87.6,116.1,131.1,114.9166667,9.9,12.4,17.3,22.3,26.2,30.3,31.8,31.4,28.3,22.8,16.9,11.4,21.75,5.9,11.7,11.7,16.2,18.2,22.2,23.7,23.4,19.8,14.8,10.1,6.2,15.325,1750,2215,60,555,3750,750,10548,649,5071,158,2644,120,40,7,112,157,20,147,71,124,41,259,45855,40569,12862,45,46.9,7,33.6,56.9,6.9,63.8,4.8,32.1,3155.9,3272.8,2167.7,1586.4,52595400
1600000US0820000,"Denver city, Colorado",0.672,West,Temperate,1176112,13.02384615,17.41,23.96692308,50.11461538,68.87384615,44.48076923,50.99923077,36.99,32.12384615,35.67923077,12.88692308,19.94769231,33.87474359,8.561538462,9.053846154,14.46153846,17.45384615,21.66153846,29.73846154,32.53076923,31.44615385,26.82307692,19.63846154,14.4,7.353846154,19.42692308,9.207692308,9.646153846,14.37538462,16.75769231,20.76,34.37615385,39.73615385,37.40153846,29.10846154,18.91461538,14.04307692,8.539230769,21.07217949,42906,59033,2489,25980,54161,16362,17032,13247,42123,9373,26469,1982,1178,308,1625,2093,582,759,1607,4291,1451,2282,NA,NA,306714,45.9,27,26.9,23,48.9,26.8,75.7,4.7,38.8394,25677,53070.3,30220.7,15698.1,560890000
1600000US1921000,"Des Moines city, Iowa",0.489,Midwest,Continental,461162,21.8,28.9,52.6,89.7,115.1,124.2,110,95.1,77.9,60.9,48.7,35.1,71.66666667,-0.9,1.6,8.6,16.3,22,27.3,29.7,28.7,24.7,17.5,9,1.1,15.46666667,2.6,4.5,6.7,11.8,14.8,19.1,20.8,19.6,16.9,11.3,6,2.8,11.40833333,9062,7704,265,23431,22872,5658,6111,2959,6111,1470,9121,537,246,34,406,496,128,155,443,557,212,647,54540,75076,91420,64.9,17.5,15.4,16.1,46.4,36.8,83.2,5.1,23.8,11152.9,16984.8,6525.7,3495.5,234996000
1600000US2622000,"Detroit city, Michigan",0.968,Midwest,Continental,660000,64.08384615,59.63692308,69.74461538,80.63538462,96.76923077,102.1415385,100.0684615,101.8823077,89.15461538,64.59230769,72.68461538,70.33615385,80.9775,0.5,1.284615385,7.330769231,15.03846154,21.18461538,26.6,28.71538462,27.80769231,24.03846154,16.95384615,9.815384615,3.023076923,15.19102564,2.314615385,2.97,5.626153846,10.55769231,14.71461538,19.47076923,21.60615385,19.59461538,15.35076923,9.995384615,5.854615385,2.799230769,10.90455128,20452,14341,1118,13228,46219,7123,17613,5524,15390,1293,11850,933,417,72,479,1022,156,382,777,701,266,2092,NA,NA,364900,66,21.3,12.3,5.2,35.9,58.4,94.3,5.6,57.9732,5236.04,20392.4,42814.5,19572.3,370387000
1600000US3819620,"Dickinson city, North Dakota",NA,Midwest,Continental,19398,9.6,10.1,20.9,37.1,62.1,80.9,57.9,42.4,39.8,33.2,14.2,11.2,34.95,-3.2,-0.8,5.2,12.8,18.8,24.1,28.6,28.4,22.3,14,5,-2.1,12.75833333,2.2,3.9,5.5,10.4,14.2,17.9,25.3,26.3,19.2,10.8,5.3,2.6,11.96666667,1281,297,12,432,1863,175,360,375,395,159,1929,65,36,3,58,83,15,16,61,61,34,142,63807,67601,10504,54.6,23.4,15.4,29.9,50.5,10,60.5,5.5,13.6,1727.4,2207.8,1513.4,310.7,63533100
1600000US3719000,"Durham city, North Carolina",0.727,South,Temperate,246825,91.7,81.6,111.2,89.2,106.1,104.8,113.9,112.1,109.1,91.2,82.4,89.5,98.56666667,9.8,12.2,16.7,22.1,26,30,31.9,30.7,27.4,22,16.9,11.9,21.46666667,6.9,13.5,12.7,17.6,19,22.5,24.2,22,18.2,14.3,10.9,7.8,15.8,12968,7132,1652,4740,24293,3435,7368,3868,17250,1601,13896,645,296,95,325,716,159,144,401,992,275,871,59324,66714,113566,53.1,36.6,9.5,45.4,43.4,10.8,54.2,5.2,13.8,33785.2,16386.2,9094.1,2631.3,453968000
1600000US4824000,"El Paso city, Texas",0.466,South,Arid,758484,11,10.5,5.5,5.6,8.3,17.5,41.6,48.6,48.7,18.6,11.5,19.4,20.56666667,14.8,17.8,22,26.4,31.1,35.9,35.4,34.1,31.3,26.5,19.9,14.4,25.8,12.6,22.8,22.5,29.8,39.1,49.9,43.6,38.9,33.8,26.6,17.9,12.1,29.13333333,27187,28693,1750,6501,39853,9075,11607,5203,7500,2969,32405,1362,557,97,843,1461,180,432,822,1124,671,2064,42156,30009,245993,67.2,23.9,6.1,35.6,54.5,8.8,63.3,5.3,26.1,13930.2,33025.9,30704.3,12335.4,668795000
1600000US4023950,"Enid city, Oklahoma",NA,South,Temperate,49293,26.3,38.8,65.4,81.2,113.9,122.2,76.1,84.6,73.8,85.7,49.7,34.7,71.03333333,8,10.6,15.8,21.1,26.1,31.7,34.7,34,29.4,22.5,15.1,8.5,21.45833333,6.7,11.4,11.3,15.2,18.8,27.6,35.2,34.2,25.9,16.7,10,6.3,18.275,2183,998,10,713,3750,750,2172,555,563,312,3289,120,60,7,102,199,23,50,111,107,72,251,47213,51918,21801,79,14.2,3.5,12.5,63,23.8,86.8,5.4,12.7,5833.5,5760.8,3336.7,1644.6,191755000
1600000US3525800,"Farmington city, New Mexico",1.355,West,Arid,44139,18,17,17.6,17,14.9,7.4,20.2,28.9,26.9,21.8,18.8,17.2,18.80833333,5.9,9.5,14.7,19.4,24.8,31.1,33.3,31.7,27.6,20.5,12.5,6.1,19.75833333,5.5,11.2,13.4,18.9,26.7,39.8,41.7,36.4,29.3,18.9,10.6,5.8,21.51666667,3091,709,66,724,5500,365,519,1092,1030,592,4848,129,69,12,112,223,30,46,138,176,82,319,60929,46654,17720,61.6,17.6,1.9,32.2,67.6,2.9,70.5,5.4,20.2,1998.3,3194.9,3860.1,794.7,90516700
1600000US0423620,"Flagstaff city, Arizona",0.661,West,Continental,67288,48.7,49.4,51.7,26.8,16,10.2,66.7,83,58.3,36.6,40.2,49.2,44.73333333,6.6,8.2,11.6,15.4,20.5,26.6,28.2,26.5,23.6,18.1,11.6,6.7,16.96666667,6.3,10.8,10.1,13.8,19.5,29.4,28.1,23.4,20.6,15.4,9.8,6.4,16.13333333,6034,906,60,728,5419,497,3453,1023,1364,450,5224,300,93,14,125,319,19,58,161,253,129,322,64414,35395,27056,46.5,40.1,7.3,46.8,49.7,4.7,54.4,5,23.6,2877,2916.1,4071.9,1481.4,88591100
1600000US0827425,"Fort Collins city, Colorado",0.872,West,Arid,142810,10.8,13.1,37.2,50.8,70.4,48.3,40.6,36.6,35.5,30.5,19.5,14.5,33.98333333,6.5,7.6,12.5,16.4,21,27.4,31,29.7,25.1,18,11.1,5.8,17.675,6.8,10.4,11.2,14.2,17.6,25.9,31.7,28.5,23.3,15.4,9.8,6.4,16.76666667,8329,3463,839,1975,11402,1293,5760,1804,6238,1258,9667,427,242,76,325,630,89,109,318,882,298,617,73687,42105,64038,56.9,31.1,9.4,44.9,47.3,7.2,54.5,5.7,22.8,5657.8,10181.6,5345.8,1239.2,148012000
1600000US0524550,"Fort Smith city, Arkansas",1.548,South,Temperate,123781,75.4,72.7,105.5,117.4,152.3,104.2,87.9,71.7,98,104.2,115.6,88.6,99.45833333,10,12.7,17.7,22.8,26.5,31,33.8,33.8,29.8,23.8,17.2,11,22.50833333,6.9,12.1,12.7,16.8,17.9,23.3,29.3,30.6,24.3,17.3,11.1,6.9,17.43333333,5188,7500,124,1394,10478,1202,13228,750,1310,813,7161,245,132,18,207,358,55,148,176,273,156,521,45171,31654,39602,65.1,28.2,6,23.1,61.1,15.9,77,5.2,17.6,8714.7,11155.1,5306.1,2489.7,231262000
1600000US4827000,"Fort Worth city, Texas",0.99,South,Temperate,759416,53.3,61.7,81,74.8,120.2,109.3,60.5,55.2,69.3,102.5,69.6,64.1,76.79166667,13.5,15.8,19.9,24.5,28.5,32.8,35.2,35.8,31.6,26,19.6,14.2,24.78333333,9.6,16.3,14,17.6,20.7,27.7,35.2,38.2,28.4,20,13.2,9.5,20.86666667,28324,35758,1062,20455,45055,7621,39747,8281,22117,4977,31491,1288,773,129,1213,1807,265,645,850,1658,704,2047,56581,63660,312120,67.4,21.5,9.6,42.8,43.4,11.9,55.3,5.2,23.5,69870.5,92601,59505.2,31587.2,1782060000
1600000US1225175,"Gainesville city, Florida",0.643,South,Temperate,120392,88.1,87.4,102.5,69.3,76.7,182.4,169.8,188.5,144,72.1,54.7,66.3,108.4833333,19.2,21,24,27,30.4,32.1,32.6,32.3,30.9,27.7,23.8,20.4,26.78333333,10.9,21.6,16.9,20.6,24.9,23.6,22.3,21.1,19.4,17.2,13.9,11.1,18.625,8375,3707,492,2986,17841,1460,1558,2034,2807,1076,8426,380,171,42,203,440,102,86,246,480,201,547,50495,38551,59042,39,42.6,15.7,30.6,62.5,5.6,68.1,4.7,10.8,18276.3,10316.9,4237,854.2,306675000
1600000US4829000,"Garland city, Texas",0.423,South,Temperate,228816,61.5,70.5,91.4,85.2,131.5,103.2,55.3,52.8,71.8,115,82.8,80.8,83.48333333,13,15.3,19.5,24.1,27.9,32.3,34.7,35.3,31.3,25.7,19.3,13.8,24.35,8.8,15.2,13.1,16.8,19.3,26.4,33.2,36.3,27.6,19.4,12.4,8.7,19.76666667,5540,5286,261,1450,8949,492,9585,1249,3620,1113,9210,309,187,31,257,447,37,264,251,280,173,608,57856,57137,80202,71.5,22.5,5.8,20.8,76.3,2.2,78.5,5.5,40,5348.1,12219.5,8974.4,4673.6,147381000
1600000US3832060,"Grand Forks city, North Dakota",2.4,Midwest,Continental,53862,17.3,14.4,24.9,28.9,69.8,94.7,80.4,76.9,53.4,48.8,21.7,17.2,45.7,-8.9,-6.2,0.9,11.5,19.4,24.3,27,26.7,21.1,12.7,2.2,-6.4,10.35833333,1,1.8,2.7,8.6,14.7,16.9,18.1,19,14.4,8.3,3.2,1.2,9.158333333,4076,1211,126,939,6502,375,2015,731,1419,481,5654,174,87,13,110,146,24,42,118,118,73,279,65363,48153,26223,38,31.6,27.9,28.9,50.9,16.2,67.1,4.9,27.5,2697.1,4465.9,2816.1,1347.2,70749900
1600000US3119595,"Grand Island city, Nebraska",1.147,Midwest,Continental,47696,13.1,18.1,40.5,70.9,117.8,103.3,85.7,82.8,60.1,52.5,30.3,18.1,57.76666667,1.8,4,10.5,16.8,22.3,28.2,30.7,29.4,25.5,18.3,9.9,2.7,16.675,4.1,6.6,8.7,13.2,16.1,22.7,24.3,21.8,20.3,13.8,7.8,4.2,13.63333333,2398,1480,60,1163,4421,317,6981,750,610,293,4710,139,75,9,123,176,24,58,132,100,73,273,51649,44305,20266,65,26.1,5,23.1,51.4,23.3,74.7,5.4,33,2360.8,3756.9,4887.7,1874.3,77556600
1600000US5633740,"Green River city, Wyoming",0.402,West,Arid,12576,9.3,12.1,18.6,23.9,31.8,21,13.6,15.1,25.4,21.1,13.1,10.9,17.99166667,0.4,2.4,8.3,13.2,18.8,25.3,29.7,28.9,23.1,15.8,6.7,0.5,14.425,3.5,5.4,7.8,12.1,17.5,27.1,35,33.1,23.4,14.3,6.7,3.6,15.79166667,375,60,10,60,147,60,147,175,102,21,295,22,10,1,12,19,5,9,25,31,16,35,80578,65239,4913,69.2,15.1,1.8,17.4,68.9,10.2,79.1,6.2,41,238.9,700.3,929.2,126.3,9468370
1600000US3728000,"Greensboro city, North Carolina",0.78,South,Temperate,272192,88.2,78.3,98.6,91.4,91.8,107.1,104.9,93.8,100.6,82.4,83,82.3,91.86666667,9,11.2,15.8,21.1,25.1,29.5,31.2,30.2,26.8,21.5,16.1,10.9,20.7,6.6,12.4,11.8,16.3,17.9,22,23.5,21.6,17.6,13.9,10.3,7.1,15.08333333,16835,27157,876,8327,23135,5087,16855,3316,7500,3181,19426,789,427,82,618,879,175,308,516,937,455,1232,54813,46353,129162,54.2,37.2,7.3,36.5,55.1,9.1,64.2,5.2,17.4,34621.2,28874,14790.6,7552.3,658336000
1600000US3035050,"Havre city, Montana",NA,West,Arid,9516,11.5,7.2,13.9,27.4,52.8,58.7,42.3,29.4,32.6,21.7,13,11.4,26.825,-1.5,1.2,7.2,14.4,19.5,24.3,29.6,29.2,22.4,14.9,5.9,-0.4,13.89166667,2.8,5.4,6.7,12,16.4,21.1,31.1,31.2,20.8,12,5.7,3.3,14.04166667,657,68,145,175,1750,60,14,175,175,49,883,46,15,24,34,48,7,4,26,24,16,70,58705,42615,4416,66,21,3.8,7.1,61.4,33.7,95.1,5.4,30.3,327.9,903.4,431,98.3,9607560
1600000US4833320,"Hereford city, Texas",1.475,South,Arid,15225,16.7,14,28.3,25.4,56.2,81.8,59,85.7,53.8,42.2,18,19.6,41.725,10.4,12.7,17.5,22.2,26.8,31.7,33.1,32.1,28.3,22.5,15.9,10.1,21.94166667,9.5,15.9,16.2,21.8,27.6,34.7,36.2,33.1,26.9,19.7,13.7,9.1,22.03333333,375,60,145,175,750,60,189,130,175,53,375,25,9,24,25,20,4,15,30,24,14,60,46975,57137,5496,77.2,15.7,1.9,11.6,70.7,17.9,88.6,5.1,30.3,880.2,1597.9,515.7,267.4,15896100
1600000US2731040,"International Falls city, Minnesota",0.454,Midwest,Continental,6295,29.8,22.2,29,44.9,80.4,110.8,91.9,82.1,77.4,59.3,41,29.7,58.20833333,-9.5,-5.8,1.3,10.2,17.6,22.5,25.2,24.2,18.8,10.8,1.1,-7.1,9.108333333,1,2.1,3.7,8.5,13.1,15,16.5,15.4,10.8,6.6,2.7,1.2,8.05,331,60,145,375,581,54,750,79,60,14,614,27,8,24,14,34,4,10,19,15,6,55,53848,57445,3085,67.2,18.1,6.1,14.5,56.3,27.3,83.6,5.1,39.8,90.4,558.6,1186.3,703.9,16614400
1600000US1938595,"Iowa City city, Iowa",NA,Midwest,Continental,68884,26.7,32.2,54.9,92.4,114.7,132.4,111.8,110.2,80.7,75.3,61.4,42.4,77.925,-1.3,1.2,8.6,16.3,22.2,27.4,29.3,28.3,24.7,17.6,9.1,1,15.36666667,2.4,4,6.7,11.9,15.7,19.8,20.3,18.5,17.1,11.7,5.9,2.6,11.38333333,3750,1787,1750,867,13993,375,2852,1062,950,326,4188,214,75,24,100,251,20,42,126,151,75,247,71794,52660,31669,42.5,44.6,10.8,32.8,48.6,16.5,65.1,5,25.3,3867.6,4262.5,2326.3,1107.8,67744900
1600000US0535710,"Jonesboro city, Arkansas",NA,South,Temperate,84857,88.4,92.2,120.4,128.4,138.2,82.9,89.2,76.2,74.8,103.4,126.7,125.7,103.875,7.7,10.4,15.9,21.7,26.5,31.4,32.7,32.3,28.8,22.9,15.7,9.4,21.28333333,4.7,8.6,9.7,14.5,18.2,24.9,25,24.6,21.5,15.7,8.8,4.9,15.09166667,4134,2107,60,1168,8401,574,4781,722,835,469,6053,193,82,15,137,335,32,80,106,158,110,406,55445,34419,31264,66.1,25.7,4.6,51,43,5.4,48.4,5.3,11.7,10879.6,5577.2,3424.1,1404.3,209294000
1600000US2938000,"Kansas City city, Missouri",1.423,Midwest,Continental,464122,30.6,42,64.5,103,141.5,140.1,116.4,114,117.1,86.1,60.6,45.3,88.43333333,4,6.6,13.1,18.8,23.9,29.1,31.7,31.1,26.7,20.1,12.6,5.5,18.6,4.4,7.9,9.6,13.1,15.9,20.8,24.6,24.3,18.9,13.2,7.9,4.6,13.76666667,25669,15614,960,25685,42718,13553,17035,6987,21888,4517,24531,1098,615,107,880,1452,274,374,844,1523,578,1458,55835,53652,229508,63,24.1,12,21.9,49.1,28.2,77.3,5.5,21.5,36640.5,45209.9,23075.9,12508.1,826021000
1600000US3125055,"Kearney city, Nebraska",NA,Midwest,Continental,31189,12,14.4,39.4,65.5,103.3,97,79.6,81.5,49.9,51.1,25,14.7,52.78333333,2.7,4.7,10.9,16.9,22.2,28.1,30.7,29.4,25.5,18.5,10.1,3.2,16.90833333,4.6,7.4,9.3,13.6,16.5,23.1,25.3,22.2,20.7,14.3,8.2,4.6,14.15,2815,1165,47,522,3745,401,710,551,536,146,3245,123,52,6,95,155,25,29,90,80,50,190,59462,57892,13615,58.7,30,5.2,34,52.9,14.8,67.7,5.7,31.9,1439.6,3025.7,2061.1,605.9,38820800
1600000US2239475,"Kenner city, Louisiana",0.433,South,Temperate,437123,130.3,124,123.6,120.5,133.9,179.7,160.8,173.2,136.9,92.4,99.4,128,133.5583333,16.6,18.4,21.8,25.5,29.2,31.7,32.6,32.6,30.8,26.7,21.7,18,25.46666667,8.5,15,12.4,15.7,19.3,20.6,21.1,21.5,19.9,16.8,11.5,8.8,15.925,3718,2824,52,750,2896,230,1074,873,1862,622,4356,184,102,15,115,171,17,54,116,159,86,266,58521,48753,28205,57,30,11.6,15,80.5,3.5,84,5.4,14.4,3147.2,15769.6,6102.7,4080.1,382867000
1600000US5335275,"Kennewick city, Washington",NA,West,Arid,74334,25.4,18.8,18.8,13.9,17.6,13.8,4.7,3.9,7.6,16.1,23.5,28,16.00833333,5,8.9,14.6,18.9,23.6,27.6,32.5,32,26.6,18.8,10.2,4.2,18.575,3.1,7.5,10.2,15,21.2,27.2,37.2,35.2,24.6,13,5.6,2.9,16.89166667,3554,2669,175,954,3750,660,714,849,1750,683,6113,195,111,16,153,269,36,45,139,204,117,378,59435,41224,29997,59.5,26.6,7.1,34.6,59.9,5.9,65.8,5.5,25.1,5908.2,11074.8,10164.4,906.6,186820000
1600000US5540775,"La Crosse city, Wisconsin",2.486,Midwest,Continental,52000,25.7,25.9,49,93.4,101.7,116.8,105.9,105.4,92.7,68.3,51.7,34.8,72.60833333,-3.9,-1.2,5.7,13.9,20.4,25.6,27.9,26.7,22.3,15.2,6.3,-1.6,13.10833333,1.6,3,5,10.3,14.1,17.6,18.5,16.4,13.4,9.2,4.4,1.9,9.616666667,3923,2294,750,978,8924,1479,4666,1047,1430,475,4879,222,61,11,111,156,36,93,132,172,74,251,55881,46585,22405,50,32.8,15.6,16.7,45.7,35.1,80.8,5.2,31.6,1337.6,2815.9,3732.3,1494.1,61680300
1600000US2240735,"Lafayette city, Louisiana",1.099,South,Temperate,122005,152.6,119.4,101.6,111.6,126.2,177.9,156.2,146.2,124.9,127.6,120.9,135.3,133.3666667,16.1,17.9,21.8,25.6,29.2,31.9,32.6,33,31,26.9,21.9,17.5,25.45,8.3,15,12.8,16.7,19.7,21.5,21.6,22.8,21.1,17.8,12.5,8.8,16.55,12372,5110,421,3385,20259,2515,3831,2665,7293,2352,12699,542,235,45,478,829,90,129,290,1009,334,808,58599,39052,55440,62.1,26.1,9.3,30.2,64.5,7.8,72.3,5.1,16.2,10605.3,19754.6,4673.1,2611.6,326841000
1600000US0640130,"Lancaster city, California",0.353,West,Arid,168223,34.3,36.3,29,7.9,2.4,1.1,3,1.5,4.1,8.7,14.1,30.1,14.375,14.7,16.3,19.5,22.6,27.3,32.5,36.2,36.1,32.5,26.4,19.3,14.1,24.79166667,11.5,23.2,17.1,22.3,30.1,41.7,50.1,50,40.7,28.6,17.3,11.2,28.65,3762,3020,272,2410,9693,386,983,910,1020,545,4983,205,83,16,109,417,28,57,182,151,132,300,56082,45846,53330,70.8,15.5,6.7,35.2,65,1.7,66.7,6.2,13.7,7553.4,5314.7,8613,776.4,244914000
1600000US2646000,"Lansing city, Michigan",1.226,Midwest,Continental,114659,48.5,40.8,54.2,82.4,92.2,89.3,82.7,87.6,85.4,77.2,71.2,48.5,71.66666667,-1,0.6,6.4,13.9,20.4,25.6,27.8,26.7,22.8,15.7,8.4,1.6,14.075,1.9,3.3,5.2,9.6,13.7,18,19.6,17.3,14.2,8.9,4.9,2.4,9.916666667,4028,3750,183,3750,13826,1140,4856,3750,2302,511,6033,233,106,22,121,293,65,90,279,242,94,430,45447,40957,55199,63.4,28.1,7.5,8.6,55.9,34.1,90,5.2,28.3,10835.3,13743.7,8585.2,3907.3,207385000
1600000US4841464,"Laredo city, Texas",0.524,South,Arid,241118,23.4,23.1,30.6,35.5,69.2,52.8,43.7,45.2,85,50.6,26.2,25.2,42.54166667,19.9,22.6,26.6,31.1,34.2,37,37.5,37.9,34.6,30.6,25.2,20.2,29.78333333,14.2,31.1,23.4,30.7,34.4,41.3,43.6,44.9,34.1,26.5,18.8,13.6,29.71666667,7500,5189,125,3750,17250,779,750,1129,1803,692,17250,388,165,24,271,534,60,68,203,317,199,782,39144,25771,74932,65.1,18.7,6.5,55,39.4,6.2,45.6,5.1,27.5,6931.3,7938.9,14708.7,6318.8,273357000
1600000US3240000,"Las Vegas city, Nevada",0.679,West,Arid,1970912,16.3,18.4,10.9,5.7,2.7,1.9,8.4,10.1,8.1,8.8,9.6,12.7,9.466666667,14.3,16.9,21.1,25.2,30.6,36.6,39.3,38.3,34.1,27.1,19.3,13.6,26.36666667,11.8,23.1,20.7,28,39.4,55.5,61,56.4,45.5,30,17.8,11.2,33.36666667,40393,15193,1075,12331,30509,4950,2631,6155,13382,5221,29614,1140,908,121,1000,1803,273,197,771,2339,904,1705,62355,43361,252912,61.1,28.8,8.8,60.2,39,1.7,40.7,5.2,31.6,18037.9,36391.2,63572.8,27770.9,1035670000
1600000US0643000,"Long Beach city, California",0.443,West,Arid,470659,60.5,70.1,47,15.7,5.9,1.4,1.1,0.5,3.7,13.7,24.4,47.5,24.29166667,19.8,19.8,20.6,21.9,22.7,24.3,27.3,28.4,27.8,25.2,22.5,19.5,23.31666667,14,24.1,13.3,15.4,14.5,14.9,18.6,20.4,20.6,18.6,16.9,13.9,17.1,16971,11988,1116,4868,25677,3046,8027,5748,7779,3660,13033,877,371,99,405,1209,134,234,655,1047,502,957,57733,66059,173741,40.4,41,17.2,7.5,57.9,33.5,91.4,4.2,61.1,2075.4,4606.6,16889.8,8970.4,137452000
1600000US0644000,"Los Angeles city, California",NA,West,Arid,3852565,77.1,82.8,57.3,15.9,6.6,1.3,0.7,0.6,4,12.3,23.3,54.4,28.025,18.9,18.8,18.7,20.1,20.8,22,23.8,23.8,24.5,23.5,21,18.8,21.225,13.1,21,10.4,12.4,10.8,10.4,11.5,11,13.8,15.3,14.8,13.1,13.13333333,138886,96069,10748,85836,205046,78511,101103,47913,135867,36498,133706,8009,4307,945,4978,11169,5526,5034,6567,14452,5948,11359,53312,66059,1457762,38.6,33,27.8,12.9,55.7,30.8,86.5,4.1,41.3,38346.6,62775.9,109807,40690.6,1302050000
1600000US2148006,"Louisville/Jefferson County metro government (balance), Kentucky",1.28,South,Continental,895770,83.6,83.5,110.6,119.3,135.8,111,108.1,83.6,85.5,90.4,94.6,110.4,101.3666667,5.7,8.2,13.9,20.1,24.7,29.4,31.2,30.8,27.3,21,14.3,7.7,19.525,4.3,8.3,9.5,14.3,16.8,21.4,23.2,23.5,19.9,13.8,8.5,4.7,14.01666667,29962,19658,835,24760,47438,6644,34648,8724,15773,4611,30358,1289,846,114,1126,1704,295,560,973,1649,678,1996,55773,50384,274295,64.2,27.5,6.8,24.8,49.1,24.9,74,5.3,14,54654.3,51129.1,28500.1,17187.6,1593120000
1600000US4845000,"Lubbock city, Texas",NA,South,Arid,229159,17.5,17.9,24.3,31.1,67.1,71.4,53.5,53,64.3,42.6,20.6,20,40.275,12.3,14.7,19.4,24.1,28.4,32.4,33.6,32.9,29.1,24.1,17.8,12.3,23.425,10.9,18.9,18.4,24.7,30.3,35.2,36.6,34,26.8,21.2,15.3,10.8,23.59166667,13817,6918,411,5219,21494,2982,4181,3242,3658,1524,15727,597,283,58,512,799,84,197,408,580,367,946,54054,37726,103102,65.5,22.8,10,31.2,61,7,68,5.1,21.7,10648.4,21711.4,9113.7,4440.1,341033000
1600000US5548000,"Madison city, Wisconsin",0.799,Midwest,Continental,241140,33.8,37.6,57.5,97.4,102.3,126,106.3,104.2,90.3,71,64.7,47.9,78.25,-2.6,-0.1,6.5,14.2,20.6,26,28.1,27,23,15.9,7.6,-0.2,13.83333333,1.8,3.3,5.3,10.1,13.9,17.8,18.8,17,14.3,9.5,4.8,2.1,9.891666667,15474,11717,742,13359,33154,4622,8788,5591,14030,2871,17918,743,299,90,455,693,206,182,621,1034,369,972,75739,66153,112681,42.6,33.8,23,30.5,48.5,18.4,66.9,4.9,24.1,8058,15218.8,8719.2,3442.9,243996000
1600000US3345140,"Manchester city, New Hampshire",1.266,Northeast,Continental,158116,71.6,70.8,84.1,90.1,94.8,110.5,94.8,92.7,91.5,107.1,88.7,91.6,90.69166667,0.2,2.2,6.7,13.8,20.1,24.9,27.8,27,22.8,16,9.7,3.3,14.54166667,3,4.9,6.1,10.7,14.9,17.9,20.6,19.1,14.4,9.5,6.1,3.6,10.9,5518,19959,629,3947,11906,3935,5175,2246,4313,1348,7470,304,169,34,262,353,137,116,283,440,132,464,64144,60640,49429,36.9,46.2,16.5,13.3,44.9,39.4,84.3,4.9,31.7,4947.1,7093.5,9809.8,3849.7,162010000
1600000US1349756,"Marietta city, Georgia",0.63,South,Temperate,57507,114,116.4,117.1,97,101.8,100.4,132.1,91.9,95.7,85.6,100.6,112.5,105.425,10.5,12.9,17.6,21.9,25.8,29.4,31.1,30.5,27.4,22.2,17.1,12.1,21.54166667,6.7,12.6,12.4,15.9,18.4,21.3,22.9,21.7,18.4,14.1,10.4,6.8,15.13333333,4708,3411,255,1818,10547,1210,3408,1475,5368,884,6196,289,183,34,222,418,58,109,244,559,186,447,54843,48029,26322,39.8,43.1,16.3,30.3,58.5,9.1,67.6,5,31.3,4381.5,4030.3,2421.5,1635.7,61267800
1600000US4748000,"Memphis city, Tennessee",1.152,South,Temperate,779487,100.9,109.4,133.1,137.8,141.5,104.4,109.2,77,84.1,99.2,126.8,146.1,114.125,9.2,11.8,17,22.2,26.8,31.2,32.7,32.4,29.2,23.2,16.7,10.9,21.94166667,5.7,10.6,11.3,15.4,18.6,23.9,25,25.1,22.2,16,10,6,15.81666667,28822,48358,2200,17982,55137,5694,18847,8079,14700,5964,35878,1243,835,100,1221,1766,306,450,906,1313,745,2365,42578,45969,298310,60.6,31.4,7,17.1,63.8,17.5,81.3,5.2,27.5,47967.6,44726.8,34434.6,18638.6,845184000
1600000US1245000,"Miami city, Florida",2.263,South,Tropical,2557693,44.47461538,57.96076923,65.18846154,102.9576923,137.0707692,243.99,201.1630769,199.7815385,227.3053846,185.8869231,77.88307692,64.52769231,134.0158333,24.20769231,24.74615385,25.80769231,27.80769231,29.51538462,30.79230769,31.68461538,32.10769231,31.26923077,29.44615385,26.83846154,25.57692308,28.31666667,12.83384615,13.91230769,15.71153846,17.37538462,18.23538462,17.03384615,18.46461538,18.89384615,17.08538462,16.37230769,14.93846154,12.80307692,16.13833333,26462,100000,967,14594,39678,4917,3948,6835,22110,4273,21175,1267,815,120,1192,1874,381,343,1070,3527,1169,2398,NA,NA,196618,24.8,33.7,40.9,28.5,46.3,23.9,70.2,3.8,9.28871,62552.5,99449.3,61501.3,30550.6,6296720000
1600000US5553000,"Milwaukee city, Wisconsin",0.937,Midwest,Continental,863800,38.3,38,49.1,93.2,87.2,106.1,89.5,92.2,80.6,66.5,60.1,50.5,70.94166667,-1.4,0.6,6.3,13,19.3,25.2,27.7,26.8,22.8,15.9,8.2,1.1,13.79166667,2.2,3.7,5.2,9.2,13.2,18.3,19.9,17.7,14.1,9.4,5,2.6,10.04166667,17250,28417,1373,32904,50163,7866,22779,6544,16734,3036,15652,1106,745,109,691,1546,208,540,842,1102,460,1368,41531,57681,257810,39.8,44.9,14.8,7,44.2,48.5,92.7,4.9,49.1,6357.9,19684.1,21862.9,9910.6,250759000
1600000US3853380,"Minot city, North Dakota",0.446,Midwest,Continental,64110,16.6,11.9,22.6,27.9,66.1,94.5,65.4,48.6,39,35.3,22.6,16.6,38.925,-6.8,-4.5,2.1,11.9,19,23.8,27.2,27.2,21.1,12.7,2.6,-5.2,10.925,1.4,2.4,3.7,9.7,14.5,17.2,20.5,23,16.7,9.3,3.9,1.7,10.33333333,3741,829,60,1564,3750,480,346,750,702,375,5160,150,58,9,122,131,22,26,108,120,68,250,59621,67601,23480,47.8,32.6,12.8,37.1,49.7,13.9,63.6,5.1,22.7,2631.7,4253.8,2356.7,858.7,71000500
1600000US4848936,"Monahans city, Texas",0.221,South,Arid,7104,15.1,13,13.5,16.6,35.3,36.5,37.8,36.7,53.8,35.2,17.3,17.3,27.34166667,15.8,18.9,23.4,28.2,32.6,36.3,36.5,36,32.5,27.7,21.2,16,27.09166667,14.2,26.5,24.5,32.8,40.4,47,45.6,43.7,34.9,27.4,19.5,14.1,30.88333333,310,60,145,100,229,25,60,175,50,175,332,24,4,24,19,12,3,3,10,13,7,26,46755,57137,2959,78.1,12.3,0,7.5,73,7.4,80.4,5.3,4.4,813.4,866.3,545.5,105.5,74828300
1600000US0851745,"Montrose city, Colorado",0.393,West,Arid,18451,15.1,15.3,21.6,23.8,25.7,13.2,28.5,33.7,34.7,29.8,22.7,18,23.50833333,3.9,7,12.5,16.9,22.3,28.8,31.3,29.7,25.3,18.4,10.3,4,17.53333333,4.5,7.7,11.1,15.5,22,33.5,35.7,31,24.6,15.9,8.7,4.7,17.90833333,966,175,10,281,2232,79,952,304,380,98,1868,69,36,2,57,155,8,43,68,84,39,131,51594,56940,8715,67.3,19.2,4.2,49.1,37.3,9.5,46.8,5.2,22.7,1475.4,1864.6,1725.9,592.2,42371500
1600000US3651000,"New York city, New York",NA,Northeast,Continental,8327118,95.6,82.2,100.9,110.8,113.2,126.8,115.5,124.1,87.3,125.9,78.8,119.6,106.725,4.4,5,9.7,16.7,21.7,26.8,29.9,28.8,25.5,18.8,12.7,7.3,17.275,4.4,5.1,7.6,12.7,15.2,18.9,23,21.7,17.3,10.9,7.8,4.9,12.45833333,304855,283713,39778,342605,688569,182826,68953,142379,333026,107333,318004,21506,8570,2479,11276,23000,6215,5572,21724,26642,19341,34215,55177,70314,3455117,9.1,42.8,47.8,10.8,37.8,50.9,88.7,4,63.461,11719.5,20152,59877.3,78515.5,764037000
1600000US3137000,"Omaha city, Nebraska",0.822,Midwest,Continental,442818,17.3,22,44.6,81.2,118.2,119.1,86.2,99.8,73.7,58.2,34.7,29.5,65.375,0.6,3,10.1,17,22.6,28,30.1,28.9,25.1,18.3,9.6,1.9,16.26666667,3.2,5.2,7.9,12.8,16,20.7,21.6,19.7,17.9,12.7,6.7,3.2,12.3,23447,34792,819,35921,44466,10349,16879,7661,54730,5464,33150,1164,808,107,1196,1590,318,381,961,1478,605,1634,61123,60306,196683,64.7,22.6,11.6,16.6,53.2,25.5,78.7,5.8,39.4,12952.3,38259.1,17499.3,10859.7,366099000
1600000US1253000,"Orlando city, Florida",0.637,South,Temperate,425100,58.2,56.4,86.5,57.2,84.3,200.1,166.2,193.5,162.1,85.7,50.5,56.5,104.7666667,21.6,23.1,25.4,28,30.8,32.3,33.1,33.1,31.7,28.9,25.6,22.9,28.04166667,12.9,25,18.2,21.6,24.6,23.4,23.7,23.2,20.7,18.4,15.4,13,20.00833333,26376,33664,1472,7416,33440,6268,11032,5817,22472,7122,27103,999,678,104,668,989,236,253,677,2019,762,1580,47571,45981,127869,32.6,45,22.3,42.8,48.4,6.3,54.7,4.7,9,40752.9,31226.2,17062.1,2987.3,1185820000
1600000US0451810,"Page city, Arizona",NA,West,Arid,10436,15.8,13.6,14.2,10.5,10.1,3.3,14.4,21.8,17.6,23.6,13.7,10.3,14.075,8,11.8,17.5,22.2,27.8,34.3,36.7,34.7,30.4,22.7,14.1,7.8,22.33333333,6.8,13.9,16.5,23.2,32.9,48.9,52.3,45.5,36.5,22.6,12.1,6.8,26.5,981,60,145,50,375,43,175,105,40,40,566,66,12,24,10,15,8,8,23,11,12,38,62923,41726,2714,46.3,14.1,0,35.9,66.1,0.7,66.8,4.4,2.6,1421.6,674.6,484.5,7.3,99296500
1600000US0454050,"Peoria city, Arizona",0.361,West,Arid,148812,33.4,33.6,29.1,8.6,3.8,1.5,23.1,32.4,21.7,15.7,20.5,32.5,21.325,18.8,20.7,24.2,28.4,33.3,38.7,40,39.1,36.4,30.7,23.7,18.2,29.35,16.2,36.4,24.8,33.8,45.2,60.9,59.6,54.9,48.3,36.1,23.5,15.5,37.93333333,5889,1301,244,962,6732,322,874,1084,1012,621,8515,243,165,34,205,399,19,49,176,221,156,387,74512,45961,64862,74.5,13.5,6.3,71.2,30.1,0.4,30.5,5.8,5.8,3804.8,5413.5,4656.4,818.2,409228000
1600000US4260000,"Philadelphia city, Pennsylvania",0.891,Northeast,Continental,1535038,88,74.3,104,99.6,106.3,103.4,122.1,118.7,106.1,93.6,81.5,101.4,99.91666667,4.5,6.3,11,17.4,22.9,28,30.5,29.5,25.7,19.3,13.2,7.4,17.975,4.2,7.8,8.1,12.8,16.4,21.3,24,22,17.1,11.5,7.8,4.9,13.15833333,53533,26053,4141,38784,152972,22421,22558,17972,47158,8856,50185,3669,1016,270,1443,3920,540,765,2493,2845,1079,4506,45619,62817,679876,8,79.7,12,7,37.4,54.7,92.1,5.6,51.3,11166,12665,29033.4,24805.4,368900000
1600000US0455000,"Phoenix city, Arizona",0.483,West,Arid,1487417,24.8,26,27,8.7,3.3,1.2,22.7,29.9,18.1,14,17.2,27.9,18.4,18.9,20.9,24.4,28.5,33.5,38.9,40,39.3,36.7,31,23.9,18.4,29.53333333,15.9,35,24.9,33.9,45.7,61.9,59.7,55.4,49.1,36.5,23.2,15,38.01666667,57339,78764,3640,56886,88736,20074,38642,18982,44364,13507,60797,2493,2275,308,2545,3877,643,1338,2031,4864,1894,3712,56269,41726,608384,61.2,24.9,10.5,35.6,59.1,4.9,64,5.1,29.1,26055.8,73059.9,82993.6,22693.5,1405880000
1600000US4649600,"Pierre city, South Dakota",0.538,Midwest,Continental,13800,8.8,11.9,23.8,44.6,78.9,88.2,61.1,47.7,42.1,39.8,12.3,10.2,39.11666667,-1.3,1.4,7.5,14.8,20.7,26.5,31.5,30.6,25,16.5,7.2,-0.4,15,2.9,6.1,7.1,12.2,15.5,20.6,30.5,28.6,21.9,12.6,6.5,3.1,13.96666667,885,175,10,375,1269,175,60,337,277,60,1316,44,26,3,49,58,17,5,71,50,29,96,71065,52750,6426,56.5,24.5,10,25.6,61.4,16.2,77.6,5.5,24.2,1844.6,1375.5,1398.9,580.2,33851400
1600000US2160852,"Pikeville city, Kentucky",0.128,South,Temperate,50077,79.9,80.8,95.2,92.3,125,114.7,122.4,94.9,80.9,72.1,72.8,93.5,93.70833333,7,9.6,15,21.5,25.4,29.4,31,30.6,27.4,21.2,15,9.1,20.18333333,5.2,10.1,11.3,18,19,22.3,23.4,23.1,20.1,14.6,10.2,6,15.275,1232,318,10,361,3209,741,6,205,715,85,2023,53,14,1,44,123,14,3,28,74,23,124,54665,40932,3381,49.2,33,12,29.3,56.9,13.3,70.2,5.2,9.3,947.1,1124.5,906,291.2,56534200
1600000US4857980,"Plainview city, Texas",0.762,South,Arid,21663,17.2,15.5,26,34.8,71.2,82.1,58.1,55.2,53.4,41.8,22,19.1,41.36666667,11,13.4,18,22.7,27.1,31.5,32.9,32.1,28.2,23.1,16.7,11.1,22.31666667,9.9,16.5,16.2,22,27,32,34,31.5,25,19.6,14,9.6,21.44166667,954,207,10,280,952,60,375,312,175,90,1366,47,17,2,51,71,8,16,40,40,27,98,42644,57137,8315,77,16.6,3,7.6,67.6,22,89.6,5.1,22.2,1279.3,2794.7,782.3,429.5,35725100
1600000US1664090,"Pocatello city, Idaho",0.407,West,Continental,54529,25.1,24.1,37,32.1,40.4,27,20.1,22,26,25.1,25.8,29.4,27.84166667,0.8,3.7,9.9,15,20.3,25.8,31.3,30.9,24.9,16.9,7.5,0.9,15.65833333,2.5,4.5,7.9,12.8,18.4,26.7,38.6,38,26.1,14.7,6.3,2.9,16.61666667,2633,1403,60,1197,3236,223,1499,375,1196,175,2935,151,56,7,126,274,18,33,94,140,69,219,52778,28218,22751,63.4,25.4,4,20.9,55.3,23.6,78.9,6,22.5,3273.3,3810.9,4070.3,666.7,84777700
1600000US4059850,"Ponca City city, Oklahoma",1.88,South,Temperate,24971,27.6,40.2,70.4,95.3,126.1,126.7,89.5,85.3,84.2,86.8,54.8,38.3,77.1,8.2,10.9,16.1,21.6,25.9,31.1,34.1,33.7,29.2,22.9,15.5,8.8,21.5,6.8,11.8,12,16.1,18.2,25.1,32.4,32.4,24.8,16.9,10.5,6.5,17.79166667,932,687,6,309,1893,143,1373,244,377,97,1576,54,28,3,64,107,11,34,46,67,27,126,51275,48345,11573,81.3,12.1,3.7,6,64.6,25.7,90.3,5.4,20.7,2040.7,3618.8,1146.6,502,50797700
1600000US2959096,"Poplar Bluff city, Missouri",0.904,Midwest,Temperate,17153,84,93.6,114.6,136.6,127.4,93.1,106.5,79.6,84,96.8,123.6,117.8,104.8,6.5,9.4,15,21.1,25.9,30.7,32.4,31.8,28.1,21.9,14.8,8.1,20.475,4.5,8.7,9.7,14.5,17.3,22.6,24,23.3,20,14.7,8.7,4.8,14.4,1615,375,10,461,3853,175,2046,225,303,147,2305,65,18,2,62,158,12,20,42,39,34,156,38139,44837,8351,75.7,19.1,3.6,21.6,60.8,16.9,77.7,5.3,19.1,2664.5,1746.6,891.9,281.3,33934400
1600000US2360545,"Portland city, Maine",0.977,Northeast,Continental,158478,87.1,92.8,103,108.7,99,109.6,85.4,78.8,91.9,118.9,108.7,110.7,99.55,0,1.2,4.3,9.6,14.9,20.1,23.6,23.3,19.3,13.8,8.7,3.3,11.84166667,2.9,4.1,4.2,5.9,7.4,9.9,12.1,11.8,8.6,6.7,5,3.5,6.841666667,5887,4035,685,6646,16376,2895,2425,1732,5308,1453,4893,330,169,52,278,453,149,101,275,593,226,395,63239,51761,33785,36.7,48.9,14.2,11.6,33.2,54.3,87.5,4.9,15.6,16300.4,14598.9,7064.5,4045.4,372217000
1600000US4159000,"Portland city, Oregon",NA,West,Temperate,570555,154,120.5,128.8,88.5,67.7,45.1,14.7,15.8,39.9,94.8,170,176.1,92.99166667,8.3,10.6,13.5,16.2,19.8,22.9,26.7,27.3,24.3,17.8,11.5,7.6,17.20833333,3.5,7.2,7.2,9.6,13.1,16.1,21.3,22.5,18.2,9.4,4.5,3.1,11.30833333,38496,21778,3033,17243,56678,10512,26432,11796,30345,8268,32426,2522,976,285,1119,2551,540,978,1699,3464,1221,2527,63126,62715,277499,55.7,24.4,18.3,22,38.2,38.8,77,5,43.4,6415.3,22481.5,26946.1,15291.9,372088000
1600000US0862000,"Pueblo city, Colorado",0.658,West,Arid,107656,8.4,9,20.8,37.6,39.8,31.6,48.2,54.6,21,18.5,12.9,9,25.95,8.9,10.4,15.2,19.5,24.4,30.7,33.6,31.9,28.1,21.3,14.3,8.6,20.575,8.8,14.1,14.4,18.8,23.9,34.7,39.5,34,29.2,20.3,13.2,8.6,21.625,4992,3078,205,958,10868,1103,1733,967,1443,523,6473,286,97,13,178,379,34,54,178,187,108,406,43678,26746,48382,71.5,16.6,8.7,19.3,55.2,26.1,81.3,5.3,28.9,3032.1,8697.6,8900.7,3086.2,163790000
1600000US2754880,"Rochester city, Minnesota",1.001,Midwest,Continental,106704,22.2,23.8,48.3,89.3,101.4,122,111.6,113.7,91.1,59,46.6,31.5,71.70833333,-4.8,-2.3,4.6,13.2,19.9,25.4,27.5,26.1,22,14.8,5.5,-2.5,12.45,1.5,2.4,4.1,9.4,13.6,17.5,17.8,15.3,13.2,9,4.1,1.7,9.133333333,7130,2312,267,1696,19539,1750,7887,1637,10733,676,9720,292,138,30,194,363,57,56,193,230,149,507,76906,50045,47656,60.9,24.2,12.8,38.5,49.4,11.7,61.1,6.2,23.2,7539.8,7992.4,4984,2009.2,143769000
1600000US3663000,"Rochester city, New York",0.201,Northeast,Continental,697308,57.4,52.4,59.2,75.5,76.5,87.7,83,81.6,86.9,79.3,73.2,69.5,73.51666667,0,1.2,5.7,13.3,20,25,27.4,26.3,22.5,15.6,9.2,3,14.1,2.5,4,5.1,9.4,13.7,16.9,19.1,17.2,13.3,8.6,5.4,3,9.85,7114,8111,664,3380,29731,4610,19217,2717,7611,2499,7561,570,244,67,225,503,118,417,370,646,261,783,35986,50045,99032,44.8,41.7,13.1,4.8,30.4,63.5,93.9,5.2,44.3,3586.5,6703.1,7288.6,3506.4,96198500
1600000US5667235,"Rock Springs city, Wyoming",0.518,West,Arid,19530,10.2,12.2,18.3,25.9,37.5,19.6,17,15.9,26.1,21,15.7,14.4,19.48333333,0.1,1.9,7.9,13,18.5,24.9,29.5,28.5,22.6,15.1,6.2,0.1,14.025,3.3,4.8,7.4,11.9,17.1,26.3,34.3,32.1,22.7,13.6,6.3,3.3,15.25833333,1750,499,60,232,1138,115,191,294,358,227,2040,75,32,4,37,85,11,20,48,75,49,146,78487,65239,10626,61.6,19.1,5.6,33.4,52.7,17.3,70,5.4,20.9,1471.2,1848,2086.4,444.6,50104700
1600000US1765000,"Rockford city, Illinois",0.563,Midwest,Continental,152638,35.9,37.7,55.7,86.7,98.2,121.6,95.6,106.4,80.1,69.3,64.9,51.1,75.26666667,-2,0.4,7.3,15.1,21.3,26.7,28.6,27.6,23.8,16.9,8.4,0.5,14.55,1.8,3.4,5.6,10.7,14.8,19.1,19.8,18.2,15.8,10.6,5,2.2,10.58333333,7122,8715,289,2833,16868,1007,15649,1967,2885,1187,8326,336,178,27,295,488,51,340,302,422,144,551,47981,37775,66321,61,30.6,7.7,14.2,53.9,30.8,84.7,5.4,35,6460,13693.9,8749.1,4126.5,169711000
1600000US0462000,"Safford city, Arizona",0.481,West,Arid,22996,20.7,15.8,14.4,6.5,5.4,7.1,42.7,49.2,30.6,18.1,13.6,21.8,20.49166667,16.1,18.8,22.7,27.1,32.2,37.4,36.9,35.7,33.6,28.4,21.4,15.7,27.16666667,13.5,29.2,23.3,31.9,43.1,57.3,49.6,43.9,40.4,31.4,20.4,13,33.08333333,556,33,60,97,748,60,157,60,60,40,963,37,8,4,20,62,7,9,18,15,14,55,49725,41726,4036,71,14,4.8,34.6,57.3,12.7,70,5.5,6,2205,2873.9,912.5,212.3,131127000
1600000US2062700,"Salina city, Kansas",NA,Midwest,Continental,47700,19.4,27.1,56.5,69,119,95.9,93.7,94.3,68.9,57.2,32.9,27.4,63.44166667,5.2,7.5,13.8,19.2,24.6,30.8,33.9,32.8,28,20.9,13.2,5.9,19.65,5.4,9,10.5,14.2,17.7,27,33.8,30.8,23.8,15.7,9.3,5.2,16.86666667,2986,817,60,750,4669,375,3944,750,1750,199,3949,132,62,5,103,175,29,55,107,102,59,243,54491,50949,21183,74.2,19.9,2.7,18.3,58.2,23.8,82,5.7,0.6,7650.1,1193.9,222.7,57.6,708857000
1600000US4967000,"Salt Lake City city, Utah",1.007,West,Continental,331003,39.9,38.2,52.3,65.6,58.8,26,18,19,36.4,40.3,41.8,41.8,39.84166667,3.2,6.2,12,16,21.5,27.8,32.9,31.9,26,18.3,10,3.7,17.45833333,3.4,6,9.6,13.5,20,31.6,41.9,39.1,27,15.6,7.7,3.8,18.26666667,16057,22917,1288,14561,23555,8248,24316,5422,16999,3093,14096,735,450,94,675,719,300,457,634,1459,528,918,56546,61176,83676,47.8,30.1,21.3,13.8,44.3,40.1,84.4,4.8,40.5,8257.1,21379.4,17405.5,11831.2,303115000
1600000US4864472,"San Angelo city, Texas",0.362,South,Temperate,95137,25.5,34.7,37.9,40.4,78.4,73.5,43.5,56.1,66,63.5,33.1,24.1,48.05833333,15,17.4,21.7,26.7,30.5,33.4,35.1,35,31.2,26.3,20.3,15.3,25.65833333,12,20.8,18.6,25.6,29.9,33.5,38.8,38.5,29.4,21.8,15.5,11.7,24.675,4220,1750,35,1274,7500,1750,3166,989,1232,750,5806,210,107,7,180,262,44,88,193,193,127,398,51862,39202,40849,70.1,15.5,11.1,21.2,67.6,11.5,79.1,5.2,29.9,7728,6108.4,4910.5,2843.1,111610000
1600000US0666000,"San Diego city, California",NA,West,Arid,1304648,53.2,59.7,49.4,18.6,6.3,1.1,2.4,0.7,4.2,14.2,25,46.3,23.425,19.9,19.8,20.1,21.4,22.3,23.9,26.6,27.7,27.5,25.2,22.6,19.6,23.05,14.3,24.5,12.6,13.8,12.8,13.7,16.3,18,19.2,18.3,17,14,16.20833333,80688,75831,5788,37000,85519,26707,41655,24385,105870,17178,61044,3527,1973,501,2617,4180,807,1137,2511,7468,2764,4119,75864,59581,533973,45.1,35.1,18.5,22.4,64.7,11.2,75.9,4.6,32.1,28231.5,30478.5,65001.8,22476.2,963353000
1600000US0667000,"San Francisco city, California",2.144,West,Temperate,2330770,122.3,123.8,99,46.2,19.5,5.6,0.3,1.3,5.3,33.3,84.5,133.6,56.225,14.1,15.5,16.5,17.4,18.3,19.8,20.2,20.9,22.4,21.3,17.5,14.2,18.175,5.8,10.7,8.2,9.6,9.7,10.7,9.8,10.4,13.9,13.5,8.7,6.1,9.758333333,73417,35608,6223,48893,62075,49681,7506,20361,84841,15000,43378,4059,1342,386,2150,3119,1331,693,2411,6295,1828,3573,85778,87536,390376,20,53.3,26.6,12.4,29.5,57.4,86.9,4.1,12.6,3301.1,3314.4,11122.7,11028.7,600592000
1600000US0669070,"Santa Barbara city, California",0.316,West,Temperate,91922,106.1,108.1,83.2,28.3,8.6,2.7,0.7,1.4,3.9,22.7,38.8,70.5,39.58333333,18.8,19.1,19.8,21.2,21.8,22.5,24.7,25.3,25.2,24.1,21.5,18.6,21.88333333,12,21.2,11.8,13.9,12.9,12,13,13.8,14.5,16.4,14.6,12,14.00833333,8143,2953,486,1990,8733,1912,998,1734,3836,1101,6881,421,268,62,267,562,115,96,287,657,287,531,74597,50574,39012,47.9,39.3,11.9,10.3,60.4,27.9,88.3,4.4,23.3,3932.1,3330.4,2443.6,117.6,53022000
1600000US0669196,"Santa Maria city, California",0.457,West,Temperate,99003,73.2,72.8,67.6,25.8,7.3,1.4,0.5,0.3,2.5,16.8,32.1,56.9,29.76666667,18.1,18.4,19,20.3,20.9,21.9,23.1,23.3,23.9,23.6,21,18,20.95833333,11.2,19.8,10.5,12.6,11.8,11.7,11.6,11.4,13.8,16.1,14.1,11.5,13.00833333,2596,1759,60,821,5368,456,2996,1003,1072,522,5362,178,88,11,112,336,30,89,143,149,100,367,50952,50574,28887,59.7,29.1,5.5,31.7,61.7,6.5,68.2,4.9,32.3,1812.9,3475,4027.9,407.4,53305000
1600000US0670098,"Santa Rosa city, California",0.371,West,Temperate,167567,147.7,146.1,117.1,49.6,28.5,7.6,0.7,1.4,8.8,43.8,97.7,152.1,66.75833333,14.2,16.5,18.3,20.4,23.4,26.8,28.1,28.1,27.9,24.7,18.6,14.1,21.75833333,6.3,12.6,10.3,12.5,15.4,19.9,21.2,21.8,23.7,19.8,10.8,6.7,15.08333333,5764,4641,404,2930,13671,985,4862,2079,4461,1131,10479,389,205,45,321,712,75,153,313,613,254,654,70761,48051,67537,58.9,27.8,9.8,26.9,61.6,10.8,72.4,5,33.4,6935.7,6887.7,8492.3,1592,117901000
1600000US4867496,"Sherman city, Texas",1.415,South,Temperate,38770,61.4,69.5,94.1,90.1,140,119.7,67.4,62.3,80.7,120.3,94.2,78.3,89.83333333,11.6,13.9,18.4,22.9,26.8,31.5,34.2,34.7,30.5,24.7,18.1,12.4,23.30833333,7.8,13.6,12.1,15,17,23.9,31.4,33.8,25.5,17.6,11.2,7.7,18.05,2593,2137,60,578,5171,382,4317,429,395,178,3645,102,47,7,83,225,18,46,55,114,50,207,48274,29956,16617,68.4,22.4,7,29.6,58.5,14.4,72.9,5.3,8,4924.1,3609,1913.1,1301.6,196502000
1600000US4659020,"Sioux Falls city, South Dakota",0.758,Midwest,Continental,158716,14.6,16.9,36.2,73.3,84.9,106.2,78.6,82.2,67.7,53.9,32.9,20.2,55.63333333,-3.4,-0.7,6,14.3,20.7,26.2,28.8,27.5,23.2,15.8,6.3,-1.7,13.58333333,1.9,4.1,5.4,10.9,14.8,19.5,21,18.4,16.1,10.8,5.3,2.2,10.86666667,10412,4213,345,15202,21983,2934,9836,2354,4279,1231,14515,409,268,42,542,498,110,147,352,477,236,751,64353,62045,73214,56.9,24.7,14.7,44.3,42.5,13.5,56,5.7,26.1,11997.3,10160.8,8380.9,3895.6,203457000
1600000US4660020,"Spearfish city, South Dakota",0.831,Midwest,Continental,10607,15.3,21.2,34.9,65.9,96.6,95.2,51.3,44.3,43.5,57.2,25.5,21.9,47.73333333,3,3.8,8.3,13.1,18.4,24.3,29.3,28.6,22.8,15.2,8,2.8,14.8,5.1,7.5,7.9,11,14.1,20.2,29.1,28.5,21.4,12.6,7.9,5.1,14.2,1074,161,20,228,1168,175,330,137,153,175,1104,61,24,4,36,65,12,24,34,39,39,90,60327,52750,5413,43.9,35.8,11.5,43.2,44.7,13.3,58,4.8,10.4,1574.1,1466.3,529.9,136.7,42641700
1600000US5367000,"Spokane city, Washington",0.456,West,Continental,206307,48.6,32.8,50.2,32.8,33.1,33.8,13.6,10.5,16.4,31.2,51.6,58.9,34.45833333,2.3,5.3,10.4,15,20.2,24.1,29.7,29.7,24,15.9,7.1,1.6,15.44166667,2.2,4.5,7.1,11.2,16.6,21.4,32.5,32.9,22.4,11.2,4,2,14,10256,5424,611,7172,24925,2683,4292,2687,5605,1580,13166,601,272,65,496,899,117,200,439,748,281,862,51934,38681,97235,65.7,20,12.7,19.8,42.6,37.7,80.3,5.6,36.2,4881.6,13924.6,13300.7,2781.6,180014000
1600000US3974118,"Springfield city, Ohio",1.354,Midwest,Continental,61815,63.9,55.7,78.7,93.2,116.5,104.9,118.2,76.8,79.8,74.5,79.3,76.4,84.825,1.6,3.6,9.6,16.8,22.3,27.1,28.8,28.4,25.1,18.1,11,4.1,16.375,2.5,4.7,6.4,11,14.5,18.7,18.4,19.2,16.6,11,6.2,3,11.01666667,3174,1774,60,2302,8785,115,2767,792,817,324,3643,154,38,7,92,246,10,79,122,103,58,221,41954,42121,28541,65.3,28,6.2,9.8,41.8,49.6,91.4,5.4,28.6,4549.5,5352.8,2630.5,1013.1,66692000
1600000US2965126,"St. Peters city, Missouri",0.517,Midwest,Continental,45321,54.8,58.4,83.6,113.7,125.8,109.1,102.4,83.3,84.9,81.3,94.3,79.2,89.23333333,3.9,6.8,12.8,19.5,24.3,29.1,31.3,30.6,26.7,20.3,13,5.8,18.675,4,7.4,9,13.9,16.6,21.1,23.5,23,19.2,13.5,8,4.2,13.61666667,3751,3352,243,1060,3719,408,1365,965,755,235,6097,181,96,17,143,258,21,49,145,140,64,325,81731,44837,23118,71.6,23.5,2.9,42.1,56.9,1.2,58.1,6.1,31.8,2274.8,3993.7,2959.3,1167,57445000
1600000US0873825,"Steamboat Springs city, Colorado",NA,West,Continental,12165,63.7,57.5,54.6,66.6,58.2,36.8,39.9,36.6,53.5,57.3,60.5,65.2,54.2,-0.8,1.4,6.6,11.6,17,23.3,27.2,26.2,21.5,14.3,5.7,-0.6,12.78333333,2.9,4.3,6.6,10.4,15.1,22.9,28,26.1,20.3,12.4,6.1,3,13.175,4642,375,145,203,1750,136,110,368,487,478,1491,125,73,10,48,110,19,20,65,158,105,182,78865,56940,9868,27.1,45.6,22.2,59.1,45.7,4.4,50.1,4.1,15.4,989.6,1067.1,568.7,196.1,25645000
1600000US5370000,"Tacoma city, Washington",1.094,West,Temperate,318177,145.2,107.9,111.9,83.2,55.1,42.9,19.1,20.9,40.8,103.2,177.3,143.9,87.61666667,8.1,9.6,12,14.5,18.1,21,24.1,24.6,21.2,15.5,10.5,7.4,15.55,3.2,5.6,6.3,8.6,11.2,13.5,16.9,17.2,13,7.1,4,2.9,9.125,7220,4331,357,3781,23046,934,6347,3045,3750,1748,11177,501,252,43,281,686,59,194,414,507,297,744,58870,78170,89453,62.2,24.1,13.3,20,44.4,34.9,79.3,5.2,33.9,9924.7,19297.8,17630.3,7818.5,308855000
1600000US1376224,"Thomasville city, Georgia",NA,South,Temperate,18423,121.8,118.5,140.8,88.8,71.3,148.7,151.6,140.7,107.5,75.8,82.1,97.3,112.075,16.8,18.7,22.5,26,29.8,32.2,33.2,32.6,30.8,26.8,22.3,18.2,25.825,9.6,18.1,15.8,19.7,24.1,24.4,24.4,22.7,20.9,17.9,13.6,9.8,18.41666667,1056,1292,10,576,3553,68,1639,375,257,175,1839,63,23,3,68,125,8,29,52,57,34,167,43098,48029,9051,71.7,25.9,1.4,25.5,50.6,19.9,70.5,5.4,18.5,3071.3,1669.2,826.3,538.4,39220300
1600000US0477000,"Tucson city, Arizona",0.405,West,Arid,659942,25,20.6,17.3,6.8,4.4,5.7,52.4,57.2,32.3,22.5,15.6,26.9,23.89166667,18.6,20.3,23.5,27.5,32.6,37.9,37.4,36.3,34.6,29.8,23.6,18.3,28.36666667,16.2,35.8,24.5,32.8,44.1,58.8,50.3,44.7,42.7,34.4,23.6,15.7,35.3,26136,23445,1087,7203,41707,5465,6648,6631,11128,3966,30599,1214,670,153,742,1805,210,393,944,1585,735,1883,47348,32472,236808,53.4,27.5,12.5,26.2,64.2,8.1,72.3,4.7,19.2,28146.5,57044.3,30644.5,7217.6,1013990000
1600000US4874144,"Tyler city, Texas",0.763,South,Temperate,96083,88.2,99.1,107.8,89,117.5,118.3,67.4,68.7,74.3,122.6,107.8,114.3,97.91666667,14,16.3,20.7,24.8,28.3,32,33.9,34.5,31.3,25.8,19.7,14.7,24.66666667,9.1,16.4,14.5,17.7,19.4,24.2,28.9,32,25.9,18.5,11.8,8.6,18.91666667,7298,2685,175,2697,19843,2383,4002,1759,3511,953,9824,310,156,26,388,543,60,88,222,461,208,632,54547,65015,42127,63,27.8,7.3,29.5,57.6,9.8,67.4,5.2,26.6,7704.8,17698.6,8520.1,4072.1,242824000
1600000US0681554,"Vacaville city, California",0.347,West,Temperate,91884,125.8,125.6,93.3,33.9,16.7,3.9,0.1,1.1,6.2,27.2,72.9,121.3,52.33333333,13.2,16.3,19.2,22.3,26.7,31,34,33.4,31.5,26.3,18.5,13.4,23.81666667,6.3,14,12.2,17.2,24.2,32.2,38.4,37.5,34.3,24.1,12,6.9,21.60833333,3293,1607,215,669,6039,264,2425,635,632,542,5699,168,80,19,87,198,17,44,128,114,106,323,82586,63635,33812,71.1,20,5.3,33.2,64.8,1.9,66.7,5.8,31.5,2065.8,2426.2,5576.7,1458.9,75751300
1600000US3149950,"Valentine city, Nebraska",0.481,Midwest,Continental,2779,7.9,13.1,25.9,58,88.2,89.2,73.7,55.3,42.2,32.6,17.1,11.3,42.875,1.7,3.6,9.1,15,20.8,26.8,31.1,30.1,25.1,17.2,8.7,2.1,15.94166667,4.5,8.1,8.7,12.9,16.9,23.3,31.4,29.2,23.6,14.5,8.3,4.7,15.50833333,267,10,10,60,375,13,12,60,62,10,379,17,2,1,14,18,5,5,17,18,5,31,52632,57892,NA,NA,NA,NA,NA,NA,NA,NA,NA,32.3,209,380.2,339.4,122.6,5994020
1600000US5374060,"Vancouver city, Washington",0.365,West,Temperate,234369,150.1,118.8,122.8,87.1,73.1,52.2,17.5,17.6,42.1,96.8,170.8,175.4,93.69166667,8.1,10.5,13.3,15.8,19.5,22.3,26.2,26.8,23.9,17.4,11.4,7.5,16.89166667,3.6,7.4,7.4,9.6,13,15.5,20.9,22,18.1,9.4,4.7,3.3,11.24166667,6939,6883,387,3855,14435,2431,6379,1750,4115,1384,10131,428,243,56,385,616,82,182,363,574,273,555,56658,62715,71670,53.1,32.4,12,40.4,48.3,9.8,58.1,5,39.7,3655,13970.2,13731,4466.1,183475000
1600000US4980090,"Vernal city, Utah",0.6,West,Arid,9755,12.6,12.9,17.8,19.8,25.6,16.3,16,19.6,31.7,32.3,15.3,16.5,19.7,-0.5,3.4,10.9,16,21.4,27.8,31.5,30.2,24.7,17,8.1,0.5,15.91666667,2.7,5.1,9.5,14.6,20.7,31.6,37.8,33.8,24.5,14.4,6.8,3.2,17.05833333,902,153,7,190,711,175,248,244,358,224,1349,54,17,5,37,47,7,19,48,52,42,101,57092,48111,4439,50,36.1,3.5,34.7,56.8,6.4,63.2,5.1,31.1,391.8,1082.4,570.8,175,11987100
1600000US3678608,"Watertown city, New York",1.052,Northeast,Continental,26711,82.7,70.8,64.5,83.4,88.8,87.7,79,94.5,101,115.4,105.9,94.7,89.03333333,-1.9,-0.6,4.4,12.2,19.2,23.7,26.4,25.7,21.7,14.6,8.1,1.5,12.91666667,2.2,3.3,4.5,8.4,12.1,14.5,16.8,15.9,12.1,7.8,4.9,2.6,8.758333333,2206,899,11,456,4638,658,818,403,437,232,3253,105,32,4,61,167,23,15,66,58,43,185,46718,46412,13162,42.1,46.1,10.7,6.7,33.9,58.4,92.3,5.3,32.4,897.1,1387.7,1509.9,490.1,24313500
1600000US4879000,"Wichita Falls city, Texas",1.002,South,Continental,140000,31.5,45.5,52.7,67.5,101.6,102.8,49.3,56.2,73.9,79.9,47.5,40.9,62.44166667,12.5,14.8,19.6,24.6,28.6,33,35.9,35.8,31.4,25.4,18.7,12.8,24.425,9.9,17,15.5,20.5,23.9,30.9,39.8,40.7,30.1,20.5,13.6,9.4,22.65,5370,1750,60,1475,10307,1033,3045,1021,1304,759,6851,236,89,14,186,350,46,97,184,210,153,434,50819,41032,43224,69.3,22.7,4.6,19.8,62.2,17,79.2,5.2,4,22335.6,15116.6,9015.1,3969.9,1577050000
1600000US2079000,"Wichita city, Kansas",0.774,Midwest,Temperate,453621,20.4,34.1,66,77.9,123.6,126,97.2,100.4,75,71,45.2,30.4,72.26666667,6,8.6,14.2,19.6,24.4,30.1,33.2,32.5,28.2,21.3,13.6,6.5,19.85,5.6,9.5,10.4,14.3,16.6,24.3,31.2,29.9,23.8,15.6,9.2,5.4,16.31666667,19526,11801,970,9471,31393,4591,25801,5193,8937,3607,24136,962,519,76,863,1220,181,442,673,1008,478,1477,57963,46583,169732,68.5,21.4,7.1,25.2,55.5,18.8,74.3,5.6,12.9,20926,48564.6,18160.8,8403.2,1193750000
1600000US3775000,"Winston-Salem city, North Carolina",1.097,South,Temperate,222938,87.8,81.5,98.9,96.1,103.5,98.1,110.7,101.2,93,81.5,80.7,87.7,93.39166667,9.1,11.5,16.1,21.4,25.3,29.5,31.1,30.1,26.9,21.6,16.1,10.9,20.8,6.9,12.7,12.4,17.2,18.8,22.5,24,21.9,18.6,14.6,10.6,7.4,15.63333333,11157,10224,289,9908,19638,1783,8322,2256,5725,1575,15129,539,296,45,460,625,85,200,367,674,293,1008,53364,37311,106239,61.9,29.5,6.2,29.7,57.6,12.8,70.4,5.3,11.1,59163,25231.4,10168.1,4392.7,840641000
